NOMBRE PRIMARIO,TIPO,JERARQUIA,NOMBRE ESPECIFICO,PRIORIDAD,CONCURRENCIA,RESPONSABLE,LATITUD,LONGITUD,DISTRITO
ACCESO SUR (CANTERO CENTRAL Y LATERALES),Cantero,Primario,,A,,Higiene Urbana,,,
ALBERTI (JUJUY-SAN MARTIN),Ciclovía,Primario,,C,,Higiene Urbana y Obras,-33.022012,-68.87554165,
ALMIRANTE BROWN Y VIAMONTE,P.E.S.,Primario,,E,,Obras y EP,-33.0057102,-68.88711724,CHACRAS DE CORIA
ALMTE BROWN (GUARDIA VIEJA-CACIQUE GLLEN),Ciclovía,Primario,,E,,Higiene Urbana y Obras,-33.00552164,-68.88899722,
ALZAGA (ALMTE BROWN-BESARES),Ciclovía,Primario,,A,,Higiene Urbana y Obras,-32.99262927,-68.87132925,CHACRAS DE CORIA
ANCHORENA (SAN MARTIN-CEMENTERIO),Ciclovía,Secundario,,C,,Higiene Urbana y Obras,-33.02346302,-68.86360426,MAYOR DRUMOND
ARAOZ OESTE,Rotonda,Primario,,A,,Obras y EP,,,MAYOR DRUMOND
BALCARCE,Rotonda,Primario,,A,,Obras y EP,-33.0405692,-68.87342117,CIUDAD
BESARES (ALZAGA-SAN MARTIN),Ciclovía,Primario,,A,,Higiene Urbana y Obras,-32.98093183,-68.86426409,CARRODILLA
BESARES Y SAN MARTÍN,Rotonda,Primario,,E,,Obras y EP,,,CARRODILLA
BOEDO (SAN MARTIN-VIEYTES),Ciclovía,Primario,,A,,Higiene Urbana y Obras,-32.98588615,-68.84323823,CARRODILLA
BOEDO Y SANDWICH DEL SUR,P.E.S.,Primario,,E,,Parque Cívico,-32.98349399,-68.85578226,CARRODILLA
BONARDA Y PARQUE CÍVICO,P.E.S.,Secundario,,C,,Parque Cívico,-32.9850702,-68.85584883,CARRODILLA
BOULEVARD LOS TARCOS,Paseo,Terciario,,C,,Higiene Urbana,,,
BRANDSEN (tres esquinas),Rotonda,Secundario,,A,,Obras y EP,,,PERDRIEL
COBOS Y BRANDSEN,Rotonda,Secundario,,B,,Obras y EP,,,PERDRIEL
CALLE PASO (Boulevard Y Laterales),Boulevard,Primario,,A,,Delegación,,,LA PUNTILLA
CALLE SAENZ PEÑA,Cantero,Primario,,A,,Higiene Urbana,,,VISTALBA
CANAL SECO VIAMONTE (UGARTE-ITALIA),Ciclovía,Secundario,,E,,Higiene Urbana y Obras,-32.9751562,-68.87085939,CHACRAS DE CORIA
CARIDAD (LARREA-LINIERS),Ciclovía,Secundario,,B,,Higiene Urbana y Obras,-32.98743326,-68.87614276,CHACRAS DE CORIA
CARRIZAL (PUEBLO UNIDAD-LAS TURBERAS),Ciclovía,Terciario,,C,,Higiene Urbana y Obras,-33.31503433,-68.7697033,EL CARRIZAL
CATAMARCA Y GASCON,P.E.S.,Terciario,,C,,Higiene Urbana,-33.02998211,-68.86736009,MAYOR DRUMOND
CICLOVIA CALLE CHILE,Ciclovía,Primario,,E,,Higiene Urbana y Obras,-33.02745117,-68.88914706,CIUDAD
CICLOVIA CALLE CHILE,Arte Urbano,Secundario,Las Advocaciones,A,,Higiene Urbana,-33.0283803,-68.89033255,CIUDAD
CICLOVÍA Y CANAL SECO VIAMONTE (Besares al Norte),P.E.S.,Terciario,,C,,Delegación,-32.98068219,-68.87472235,CHACRAS DE CORIA
CORREDOR DEL OESTE,Rotonda,Primario,,E,,Obras y EP,,,LA PUNTILLA
CUBILLOS (MATHEU-BESARES),Ciclovía,Primario,,B,,Higiene Urbana y Obras,-32.97688252,-68.86442039,
DARRAGUEIRA Y LA CUESTA (Derivador),Rotonda,Secundario,,B,,Obras y EP,,,LA PUNTILLA
ESQUINA PUEYRREDON Y VIAMONTE,Paseo,Secundario,,C,,Obras y EP,-32.99353883,-68.88683879,CHACRAS DE CORIA
ESQUINA VIEYTES Y BOEDO,Paseo,Secundario,,B,,Obras y EP,-32.98934896,-68.82579605,CARRODILLA
FERIAGRO,Paseo,Secundario,,B,,Higiene Urbana,,,
FFCC (LARREA-ALZAGA),Ciclovía,Terciario,,B,,Higiene Urbana y Obras,-32.98975167,-68.87196827,CHACRAS DE CORIA
GAVIOLA Y PATRICIOS,Rotonda,Secundario,,C,,Obras y EP,-33.02751296,-68.87840447,CIUDAD
GOB. ORTIZ ,Paseo,,,B,,Higiene Urbana,,,
GUARDIA VIEJA (ALMTE BROWN-SAENZ PEÑA),Ciclovía,Primario,,E,,Higiene Urbana y Obras,-33.01858208,-68.90907247,VISTALBA
HEROES DE MALVINAS (CARRODILLA-PASO),Ciclovía,Secundario,,C,,Higiene Urbana y Obras,-32.96164099,-68.85443535,CARRODILLA
HEROES DE MALVINAS Y CARRODILLA,P.E.S.,Primario,,A,,Delegación,-32.95872797,-68.8527258,CARRODILLA
INMIGRANTE,Rotonda,Primario,,E,,Obras y EP,-33.03202828,-68.90838316,VISTALBA
ITALIA (FFCC-LINIERS),Ciclovía,Secundario,,B,,Higiene Urbana y Obras,-32.98536184,-68.88053915,CHACRAS DE CORIA
ITALIA Y FFCC,P.E.S.,Primario,,A,,Delegación,-32.98481617,-68.87997483,CHACRAS DE CORIA
LINIERS (ITALIA-ALZAGA),Ciclovía,Secundario,,B,,Higiene Urbana y Obras,-32.98591752,-68.87378436,CHACRAS DE CORIA
LUJÁN JOVEN,Paseo,Primario,,E,,Higiene Urbana,-33.03374847,-68.89678129,CIUDAD
LUJAN PLAYA (BAJADA AL RIO),Ciclovía,Secundario,,C,,Higiene Urbana y Obras,-33.03909756,-69.02113791,LAS COMPUERTAS
MATHEU (CUBILLOS-PANAMA),Ciclovía,Primario,,B,,Higiene Urbana y Obras,-32.97186901,-68.86131577,
MIRADOR BALCARCE OESTE,Mirador,Primario,,A,,Higiene Urbana,,,CIUDAD
MIRADOR RUINAS DE FADER,Mirador,Secundario,,B,,Delegación,-33.04478913,-69.09608972,CACHEUTA
MONUMENTO CARRIZAL,Arte Urbano,Secundario,,B,,Delegación,,,EL CARRIZAL
MOSCONI,Paseo,Primario,,B,,Higiene Urbana,,,CIUDAD
NEW JERSEY (Calle Paso),Paseo,Secundario,,C,,Delegación,,,CARRODILLA
NEW JERSEY (CORREDOR DEL OESTE),Paseo,Secundario,,C,,Delegación,,,LA PUNTILLA
OLAVARRÍA Y TERRADA,P.E.S.,Terciario,,C,,Delegación,-33.06999045,-68.86837896,PERDRIEL
PANAMA (MATHEU-PASO),Ciclovía,Primario,,B,,Higiene Urbana y Obras,-32.96869923,-68.85809994,
PANAMERICANA (LA PAMPA-UGARTE),Ciclovía,Primario,,E,,Higiene Urbana y Obras,-32.95962095,-68.86314042,
PANAMERICANA Y UGARTE,Rotonda,Primario,,A,,Obras y EP,,,LA PUNTILLA
PARQUE FERRI,Ciclovía,Primario,,A,,Obras y EP,,,CIUDAD
PARQUE FERRI,Ciclovía,Primario,,C,,Higiene Urbana y Obras,-33.03822504,-68.87382738,CIUDAD
PARQUE FERRI,Parque,Primario,,E,,Higiene Urbana,-33.03842122,-68.87374055,CIUDAD
PARQUE UNIVERSITARIO,Plazas,Secundario,,C,,Delegación,-32.97597407,-68.8389086,CARRODILLA
PARQUE URBANO P.U.L,Rotonda,Primario,,B,,Obras y EP,,,CIUDAD
PARQUE URBANO P.U.L.,Paseo,Primario,,E,,Higiene Urbana,-33.03983231,-68.87313604,CIUDAD
PASEO CARRODILLA,Paseo,Terciario,,C,,Delegación,,,CARRODILLA
PASEO DE LAS ESTACIONES,Paseo,Primario,,A,,Higiene Urbana,-33.03576017,-68.87529392,CIUDAD
PASEO DE LAS ESTACIONES,Ciclovía,Secundario,,E,,Higiene Urbana y Obras,-33.02902559,-68.87648326,CIUDAD
PASEO GUEVARA,Paseo,Secundario,,B,,Higiene Urbana,,,CIUDAD
PASEO HEROES DE MALVINAS,Paseo,Primario,,E,,Delegación,-32.96538892,-68.85530999,CARRODILLA
PASEO LENCINAS,Paseo,Terciario,,C,,Higiene Urbana,-33.03084808,-68.87156179,CIUDAD
PASEO LIBERTAD,Paseo,Secundario,,B,,Higiene Urbana,,,CIUDAD
PASEO MALBEC,Ciclovía,Secundario,,C,,Higiene Urbana y Obras,,,CIUDAD
PASEO MALBEC,Paseo,Primario,,B,,Higiene Urbana,-33.03540706,-68.86650832,CIUDAD
PASO (PANAMERICANA-SAN MARTIN),Ciclovía,Secundario,,E,,Higiene Urbana y Obras,-32.96370393,-68.86202352,
PASO (SAN MARTIN-M. A SAENZ),Ciclovía,Primario,,C,,Higiene Urbana y Obras,-32.96648971,-68.84821186,
PASO Y ALZAGA,Rotonda,Primario,,A,,Obras y EP,-32.96396105,-68.86163246,LA PUNTILLA
PASO Y SAN MARTIN,Rotonda,Primario,,E,,Obras y EP,-32.96560544,-68.85418165,CARRODILLA
PASO Y UGARTE,Rotonda,Secundario,,A,,Obras y EP,-32.96156948,-68.86362851,LA PUNTILLA
PERILAGO POTRERILLOS,Ciclovía,Secundario,,C,,Higiene Urbana y Obras,-32.97393599,-69.18330756,POTRERILLOS
PINCOLINI,Rotonda,Secundario,,B,,Obras y EP,-33.03551948,-68.91124485,VISTALBA
PISTA DE MANEJO,Rotonda,Terciario,,C,,Obras y EP,-33.04502735,-68.8821049,CIUDAD
PLAYÓN DEPORTIVO VERTIENTES,Plazas,Secundario,,A,,Delegación,,,VERTIENTES DE PEDEMONTE
PLAYÓN EL CARRIZAL,Plazas,Secundario,,B,,Delegación,,,EL CARRIZAL
PLAZA 21 DE JULIO,Plazas,Primario,,B,,Delegación,-32.97640905,-68.85286597,CARRODILLA
PLAZA 5 DE JULIO,Plazas,Terciario,,C,,Delegación,-33.052037,-68.883774,
PLAZA ACCIONAR,Plazas,Terciario,,C,,Delegación,,,
PLAZA ADINA,Plazas,Secundario,,C,,Delegación,-33.05620042,-68.88550514,PERDRIEL
PLAZA AGRELO,Plazas,Primario,,B,,Delegación,-33.0916387,-68.96853068,AGRELO
PLAZA AGUA Y ENERGÍA,Plazas,Secundario,,B,,Delegación,-32.96605209,-68.84405432,CARRODILLA
PLAZA AROMAS DEL PLATA,Plazas,Terciario,,C,,Higiene Urbana,,,PERDRIEL
PUL,Ciclovía,,,C,,Higiene Urbana y Obras,-33.05305731,-68.87647262,
PLAZA B° 27 DE ABRIL,Plazas,Secundario,,C,,Higiene Urbana,-32.97640905,-68.85286597,VISTALBA
PLAZA B° ALTO DRUMMOND,Plazas,Secundario,,C,,Higiene Urbana,-33.01442345,-68.85838395,MAYOR DRUMOND
PLAZA B° CEC,Plazas,Secundario,,C,,Higiene Urbana,,,CIUDAD
PLAZA B° CEFERINO NAMUNCURA,Plazas,Terciario,,C,,Delegación,-33.0237635,-68.86313722,MAYOR DRUMOND
PLAZA B° CORDÓN DEL PLATA,Plazas,Secundario,,C,,Higiene Urbana,-33.01338135,-68.88848783,VISTALBA
PLAZA B° COSTA FLORES,Plazas,Terciario,,C,,Delegación,-33.06944132,-68.92666966,
PLAZA B° CURVIFLOR (TURBERAS),Plazas,Terciario,,B,,Delegación,,,
PLAZA B° EL PINAR,Plazas,Terciario,,B,,Delegación,-32.96607749,-68.86635149,
PLAZA B° HUARPES III,Plazas,Terciario,,C,,Delegación,,,
PLAZA B° IV PERDRIEL,Plazas,Secundario,,C,,Delegación,-33.07812826,-68.91466351,PERDRIEL
PLAZA B° JARDÍN CARRODILLA,Plazas,Terciario,,C,,Delegación,-32.97605042,-68.85795032,CARRODILLA
PLAZA B° JARDÍN VISTALBA,Plazas,Secundario,,C,,Higiene Urbana,-33.02484413,-68.90686293,VISTALBA
PLAZA B° JUAN PABLO II,Plazas,Terciario,,C,,Delegación,-33.09483253,-68.88783416,
PLAZA B° JUAN XXIII,Plazas,Terciario,,C,,Higiene Urbana,-33.02999185,-68.86724742,MAYOR DRUMOND
PLAZA B° LAS ACACIAS,Plazas,Terciario,,C,,Higiene Urbana,-33.02304849,-68.87731659,MAYOR DRUMOND
PLAZA B° LAS ACHIRAS,Plazas,Terciario,,C,,Delegación,-33.07485186,-68.88847863,PERDRIEL
PLAZA B° LAS PALMERAS,Plazas,Terciario,,C,,Delegación,-33.05358582,-68.89635543,PERDRIEL
PLAZA B° LOS CASTAÑOS,Plazas,Terciario,,B,,Delegación,-32.99686206,-68.86691825,CHACRAS DE CORIA
PLAZA B° LOS ROBLES,Plazas,Secundario,,A,,Delegación,,,CHACRAS DE CORIA
PLAZA B° MEGAFON,Plazas,Terciario,,C,,Delegación,-33.00034451,-68.91998072,
PLAZA B° MUTUAL YPF (SALIDA CASTRO B),Plazas,Secundario,,B,,Delegación,,,CARRODILLA
PLAZA B° NOCETTI RPN°86,Plazas,Secundario,,C,,Delegación,,,
PLAZA B° NUEVA VIDA,Plazas,Terciario,,C,,Delegación,,,
PLAZA B° PARQUE DRUMMOND,Plazas,Secundario,,C,,Higiene Urbana,-33.00960393,-68.86438001,MAYOR DRUMOND
PLAZA B° PAULA ALBARRACÍN,Plazas,Secundario,,C,,Delegación,-33.06757734,-68.89308789,
PLAZA B° PUEBLO UNIDAD RPN°16,Plazas,Terciario,,C,,Delegación,-33.30134707,-68.7843267,EL CARRIZAL
PLAZA B° RENACER,Plazas,Terciario,,C,,Delegación,,,
PLAZA B° SAN CAYETANO,Plazas,Terciario,,C,,Delegación,-33.08712288,-68.88552712,
PLAZA B° SANTA ELENA,Plazas,Terciario,,C,,Higiene Urbana,-33.00837279,-68.91863996,VISTALBA
PLAZA B° SOLAR DEL PLATA,Plazas,Terciario,,C,,Delegación,-33.04029227,-68.91603672,
PLAZA B° TERRAZAS DEL RIO,Plazas,Terciario,,C,,Delegación,-33.05077667,-68.88476713,
PLAZA B° TRINIDAD,Plazas,Terciario,,C,,Delegación,-33.05416558,-68.88936004,
PLAZA B° URVISERV,Plazas,Secundario,,C,,Delegación,-33.07198224,-68.89731941,
PLAZA B° VALLE DE AGRELO I ,Plazas,Secundario,,C,,Delegación,-33.11392212,-68.89262853,AGRELO
PLAZA B° VICTOR HUGO,Plazas,Secundario,,C,,Higiene Urbana,-33.02395008,-68.87527916,
PLAZA B° VIRGEN DE LUJÁN,Plazas,Secundario,,C,,Higiene Urbana,-33.03193806,-68.86875408,
PLAZA BHEGUIN,Plazas,Secundario,,B,,Delegación,-32.96737689,-68.85170818,CARRODILLA
PLAZA BUENA VISTA,Plazas,Secundario,,B,,Delegación,-32.96821376,-68.84555026,CARRODILLA
PLAZA CLAVELES MENDOCINOS,Plazas,Secundario,,C,,Higiene Urbana,,,CIUDAD
PLAZA COLLOVATI,Plazas,Terciario,,C,,Delegación,,,CHACRAS DE CORIA
PLAZA CUADRO ESTACIÓN,Plazas,Terciario,,C,,Delegación,,,PERDRIEL
PLAZA DAPARO,Plazas,Terciario,,A,,Delegación,,,PERDRIEL
PLAZA DEL HUERTO,Plazas,Terciario,,C,,Delegación,,,LA PUNTILLA
PLAZA ESPACIO I B° 13 DE DICIEMBRE EN JOSE HERNANDEZ,Plazas,Terciario,,C,,Higiene Urbana,,,
PLAZA ESPEJO,Plazas,Primario,,A,,Delegación,,,CHACRAS DE CORIA
PLAZA FELIPE VITALE,Plazas,Secundario,,A,,Higiene Urbana,,,CIUDAD
PLAZA GENERAL SAN MARTÍN,Plazas,Primario,,A,,Higiene Urbana,,,CIUDAD
PLAZA HUENTOTA,Plazas,Secundario,,B,,Higiene Urbana,,,CIUDAD
PLAZA INFANTIL CHACRAS,Plazas,Primario,,A,,Delegación,,,CHACRAS DE CORIA
PLAZA JARDÍN FADER,Plazas,Terciario,,C,,Delegación,,,MAYOR DRUMOND
PLAZA JOSÉ HERNANDEZ,Plazas,Secundario,,C,,Higiene Urbana,,,
PLAZA LA MASIA,Plazas,Terciario,,C,,Delegación,,,
PLAZA LAS COMPUERTAS,Plazas,Secundario,,B,,Delegación,,,LAS COMPUERTAS
PLAZA LAS CORTADERAS,Plazas,Secundario,,C,,Delegación,,,
PLAZA LAS GLICINAS,Plazas,Secundario,,C,,Delegación,,,CARRODILLA
PLAZA LAS PARRAS,Plazas,Secundario,,C,,Delegación,,,MAYOR DRUMOND
PLAZA LAS ROSAS,Plazas,Primario,,A,,Higiene Urbana,,,CIUDAD
PLAZA LAS TINAJAS,P.E.S.,Primario,,B,,Higiene Urbana,-33.02844411,-68.89105458,VISTALBA
PLAZA LAS TINAJAS,Plazas,Primario,,B,,Higiene Urbana,-33.02844411,-68.89105458,VISTALBA
PLAZA LEVY,Plazas,Terciario,,C,,Delegación,,,CHACRAS DE CORIA
PLAZA LÍMITE CON GODOY CRUZ,Plazas,Terciario,,C,,Delegación,,,CARRODILLA
PLAZA LOS ALERCES,Plazas,Terciario,,C,,Delegación,-32.96569675,-68.83309014,CARRODILLA
PLAZA LOS AROMOS,Plazas,Terciario,,C,,Delegación,-32.97472279,-68.8195057,CHACRAS DE CORIA
PLAZA LOS BOMBEROS,Plazas,Primario,,E,,Higiene Urbana,-33.0359154,-68.87581982,CIUDAD
PLAZA LOS CEREZOS,Plazas,Terciario,,C,,Delegación,,,LA PUNTILLA
PLAZA LOS ESCRITORES,Plazas,Secundario,,B,,Higiene Urbana,-33.03923805,-68.8860843,CIUDAD
PLAZA LOS NIÑOS,Plazas,Primario,,E,,Higiene Urbana,-33.04412243,-68.87459851,CIUDAD
PLAZA LOS OLIVOS,Plazas,Primario,,B,,Delegación,-32.96220341,-68.8416702,CARRODILLA
PLAZA LOYOLA,Plazas,Primario,,B,,Delegación,-32.96109143,-68.84427361,CARRODILLA
PLAZA MIRAFLORES,Plazas,Secundario,,C,,Delegación,,,
PLAZA MOSCONI,Plazas,Primario,,A,,Higiene Urbana,-33.03432056,-68.88465897,CIUDAD
PLAZA NOGAL I,Plazas,Secundario,,C,,Delegación,-32.96587841,-68.83623526,CARRODILLA
PLAZA NOGAL III,Plazas,Secundario,,C,,Delegación,,,CARRODILLA
PLAZA POTRERILLOS,Plazas,Primario,,E,,Delegación,,,POTRERILLOS
PLAZA UGARTECHE,Plazas,Secundario,,E,,Higiene Urbana,,,UGARTECHE
PLAZOLETA AYMONT,Plazoleta,Secundario,,C,,Delegación,-32.95884832,-68.85267568,CARRODILLA
PLAZOLETA CIOPPO,Plazoleta,Primario,,B,,Higiene Urbana,-33.02221513,-68.88306776,
PLAZOLETA ISAAC CORREA (Ricardo Videla y Francia),Plazoleta,Terciario,,C,,Delegación,-32.95889742,-68.85420246,LA PUNTILLA
PUERTO DESEADO,Paseo,Secundario,,B,,Higiene Urbana,-33.02420355,-68.88203276,CIUDAD
PUERTO DESEADO (CHILE-JUJUY),Ciclovía,Secundario,,B,,Higiene Urbana y Obras,-33.02418046,-68.88214885,CIUDAD
QUINTANA (SAN MARTIN-ACCESO SUR),Ciclovía,Primario,,B,,Higiene Urbana y Obras,-33.05305731,-68.87647262,PERDRIEL
QUITO,Plazas,Secundario,,C,,Delegación,,,LA PUNTILLA
RINCON DE VISTALBA,Plazas,Secundario,,C,,Delegación,-33.04056104,-68.92472697,VISTALBA
RIÑON EN CALLE JJ PASO,Plazas,Terciario,,A,,Delegación,,,LA PUNTILLA
ROTONDA BOEDO ESTE,Rotonda,Primario,,A,,Obras y EP,,,CARRODILLA
ROTONDA BOEDO OESTE,Rotonda,Primario,,A,,Obras y EP,,,CARRODILLA
ROTONDA DE LA VIRGEN,Rotonda,Primario,,E,Alta,Obras y EP,-33.03432544,-68.89809968,CIUDAD
ROTONDA POTRERILLOS,Rotonda,Primario,,B,Baja,Obras y EP,-32.96080507,-69.1974747,POTRERILLOS
ROTONDA UGARTECHE,Rotonda,Primario,,C,,Obras y EP,-32.96156948,-68.86362851,UGARTECHE
RUTA 15 (PTE RIO-FUNES),Ciclovía,Secundario,,B,,Higiene Urbana y Obras,-33.09980261,-68.88733258,PERDRIEL
RUTA 15 (RUTA 16-NIDO UGARTECHE),Ciclovía,Terciario,,C,,Higiene Urbana y Obras,-33.21272494,-68.89020779,UGARTECHE
RUTA 15 Y OLAVARRÍA,P.E.S.,Secundario,,C,,Delegación,-33.0674371,-68.88363178,PERDRIEL
RUTA 15 Y QUINTANA,Rotonda,Secundario,,A,,Obras y EP,,,PERDRIEL
RUTA 15 Y SALGUERO (THAMES),P.E.S.,Terciario,,C,,Delegación,-33.07939491,-68.88594186,PERDRIEL
RUTA 15 Y VILLANUEVA,P.E.S.,Terciario,,C,,Delegación,-33.05772679,-68.88249457,PERDRIEL
RUTA 15 Y ZARANDON,P.E.S.,Terciario,,C,,Obras y EP,-33.12033444,-68.88926314,AGRELO
RUTA 16 Y RUTA 61 (Pez Carrizal),P.E.S.,Terciario,,A,,Delegación,-33.32172512,-68.75956874,EL CARRIZAL
RUTA 82 (Control Policial),P.E.S.,Terciario,,A,,Delegación,-33.03841643,-68.99645094,LAS COMPUERTAS
RUTA 82 (ESC. GASCOGNE-A.CONDARCO),Ciclovía,Secundario,,B,,Higiene Urbana y Obras,-33.03833702,-69.01065811,
RUTA 82 Y CARACOLES,Rotonda,Primario,,A,,Obras y EP,,,CHACRAS DE CORIA
RUTA PANAMERICANA E IRIGOYEN,P.E.S.,Secundario,,E,,Obras y EP,-32.95955795,-68.86291645,LA PUNTILLA
SAENZ PEÑA (SAN MARTIN-G.ORTIZ),Ciclovía,Primario,,E,,Higiene Urbana y Obras,-33.03246887,-68.90313625,VISTALBA
SAN MARTIN (20 DE SEPTIEMBRE-RIO MENDOZA),Ciclovía,Secundario,,E,,Higiene Urbana y Obras,-33.04334109,-68.88129576,CIUDAD
SAN MARTIN (ALMTE BROWN - BELGRANO),Ciclovía,Secundario,,E,,Higiene Urbana y Obras,-33.02237605,-68.87349353,
SAN MARTIN (PASO-BESARES),Ciclovía,Secundario,,E,,Higiene Urbana y Obras,-32.97474838,-68.85615948,CARRODILLA
SAN MARTÍN Y BESARES,P.E.S.,Primario,,E,,Delegación,-32.98202624,-68.86019218,CARRODILLA
SAN MARTÍN Y PASO,P.E.S.,Primario,,E,,Delegación,-32.96608957,-68.85444749,CARRODILLA
SECA,Plazas,Primario,,A,,Delegación,,,CIUDAD
SOLAR MALVINENSE,Plazas,Terciario,,C,,Delegación,,,
SOLARES DE GABRIELLI ,Plazas,Secundario,,B,,Delegación,-32.9959319,-68.86396948,MAYOR DRUMOND
TRIANGULO LUJÁN (GC),Plazas,Terciario,,C,,Delegación,,,
VALLE DE CHACRAS,Plazas,Terciario,,C,,Delegación,-32.9910469,-68.86510296,CHACRAS DE CORIA
VIAMONTE (CHILE-LARREA),Ciclovía,Primario,,E,,Higiene Urbana y Obras,-33.00331856,-68.88744311,
VIAMONTE Y ALMIRANTE BROWN,Rotonda,Primario,,A,,Obras y EP,-32.96560544,-68.85418165,CHACRAS DE CORIA
VIAMONTE Y LARREA,Rotonda,Primario,,B,,Obras y EP,,,CHACRAS DE CORIA
VIAS DE CHACRAS (ITALIA-ESTACION FFCC),Ciclovía,Secundario,,C,,Higiene Urbana y Obras,-32.98308636,-68.88316065,CHACRAS DE CORIA
"VIRGEN (Callejón de la Virgen, Vistalba)",Paseo,Terciario,,C,,Delegación,-33.03335211,-68.93284674,VISTALBA
VIRGEN DE CARRODILLA,Paseo,Primario,,E,,Higiene Urbana,-32.96576841,-68.853402,CARRODILLA
VIRGEN DE LOURDES,Plazas,Terciario,,C,,Delegación,,,
VISTA AL ALBA,Plazas,Primario,,A,,Higiene Urbana,-33.03192038,-68.90764205,VISTALBA
ZAPIOLA Y ALSINA,Paseo,Terciario,,C,,Higiene Urbana,,,
,,,,,,,,,
,,,,,,,,,
,,,,,,,,,
,,,,,,,,,
,,,,,,,,,
,,,,,,,,,
,,,,,,,,,
,,,,,,,,,
,,,,,,,,,
,,,,,,,,,
,,,,,,,,,
,,,,,,,,,
,,,,,,,,,
,,,,,,,,,
,,,,,,,,,
,,,,,,,,,
,,,,,,,,,
,,,,,,,,,
,,,,,,,,,
,,,,,,,,,
,,,,,,,,,
,,,,,,,,,
,,,,,,,,,
,,,,,,,,,
,,,,,,,,,
,,,,,,,,,
,,,,,,,,,
,,,,,,,,,
,,,,,,,,,
,,,,,,,,,
,,,,,,,,,
,,,,,,,,,
,,,,,,,,,
,,,,,,,,,
,,,,,,,,,
,,,,,,,,,
,,,,,,,,,
,,,,,,,,,
,,,,,,,,,
,,,,,,,,,
,,,,,,,,,
,,,,,,,,,
,,,,,,,,,
,,,,,,,,,
,,,,,,,,,
,,,,,,,,,
,,,,,,,,,
,,,,,,,,,
,,,,,,,,,
,,,,,,,,,
,,,,,,,,,
,,,,,,,,,
,,,,,,,,,
,,,,,,,,,
,,,,,,,,,
,,,,,,,,,
,,,,,,,,,
,,,,,,,,,
,,,,,,,,,
,,,,,,,,,
,,,,,,,,,
,,,,,,,,,
,,,,,,,,,
,,,,,,,,,
,,,,,,,,,
,,,,,,,,,
,,,,,,,,,
,,,,,,,,,
,,,,,,,,,
,,,,,,,,,
,,,,,,,,,
,,,,,,,,,
,,,,,,,,,
,,,,,,,,,
,,,,,,,,,
,,,,,,,,,
,,,,,,,,,
,,,,,,,,,
,,,,,,,,,
,,,,,,,,,
,,,,,,,,,
,,,,,,,,,
,,,,,,,,,
,,,,,,,,,
,,,,,,,,,
,,,,,,,,,
,,,,,,,,,
,,,,,,,,,
,,,,,,,,,
,,,,,,,,,
,,,,,,,,,
,,,,,,,,,
,,,,,,,,,
,,,,,,,,,
,,,,,,,,,
,,,,,,,,,
,,,,,,,,,
,,,,,,,,,
,,,,,,,,,
,,,,,,,,,
,,,,,,,,,
,,,,,,,,,
,,,,,,,,,
,,,,,,,,,
,,,,,,,,,
,,,,,,,,,
,,,,,,,,,
,,,,,,,,,
,,,,,,,,,
,,,,,,,,,
,,,,,,,,,
,,,,,,,,,
,,,,,,,,,
,,,,,,,,,
,,,,,,,,,
,,,,,,,,,
,,,,,,,,,
,,,,,,,,,
,,,,,,,,,
,,,,,,,,,
,,,,,,,,,
,,,,,,,,,
,,,,,,,,,
,,,,,,,,,
,,,,,,,,,
,,,,,,,,,
,,,,,,,,,
,,,,,,,,,
,,,,,,,,,
,,,,,,,,,
,,,,,,,,,
,,,,,,,,,
,,,,,,,,,
,,,,,,,,,
,,,,,,,,,
,,,,,,,,,
,,,,,,,,,
,,,,,,,,,
,,,,,,,,,
,,,,,,,,,
,,,,,,,,,
,,,,,,,,,
,,,,,,,,,
,,,,,,,,,
,,,,,,,,,
,,,,,,,,,
,,,,,,,,,
,,,,,,,,,
,,,,,,,,,
,,,,,,,,,
,,,,,,,,,
,,,,,,,,,
,,,,,,,,,
,,,,,,,,,
,,,,,,,,,
,,,,,,,,,
,,,,,,,,,
,,,,,,,,,
,,,,,,,,,
,,,,,,,,,
,,,,,,,,,
,,,,,,,,,
,,,,,,,,,
,,,,,,,,,
,,,,,,,,,
,,,,,,,,,
,,,,,,,,,
,,,,,,,,,
,,,,,,,,,
,,,,,,,,,
,,,,,,,,,
,,,,,,,,,
,,,,,,,,,
,,,,,,,,,
,,,,,,,,,
,,,,,,,,,
,,,,,,,,,
,,,,,,,,,
,,,,,,,,,
,,,,,,,,,
,,,,,,,,,
,,,,,,,,,
,,,,,,,,,
,,,,,,,,,
,,,,,,,,,
,,,,,,,,,
,,,,,,,,,
,,,,,,,,,
,,,,,,,,,
,,,,,,,,,
,,,,,,,,,
,,,,,,,,,
,,,,,,,,,
,,,,,,,,,
,,,,,,,,,
,,,,,,,,,
,,,,,,,,,
,,,,,,,,,
,,,,,,,,,
,,,,,,,,,
,,,,,,,,,
,,,,,,,,,
,,,,,,,,,
,,,,,,,,,
,,,,,,,,,
,,,,,,,,,
,,,,,,,,,
,,,,,,,,,
,,,,,,,,,
,,,,,,,,,
,,,,,,,,,
,,,,,,,,,
,,,,,,,,,
,,,,,,,,,
,,,,,,,,,
,,,,,,,,,
,,,,,,,,,
,,,,,,,,,
,,,,,,,,,
,,,,,,,,,
,,,,,,,,,
,,,,,,,,,
,,,,,,,,,
,,,,,,,,,
,,,,,,,,,
,,,,,,,,,
,,,,,,,,,
,,,,,,,,,
,,,,,,,,,
,,,,,,,,,
,,,,,,,,,
,,,,,,,,,
,,,,,,,,,
,,,,,,,,,
,,,,,,,,,
,,,,,,,,,
,,,,,,,,,
,,,,,,,,,
,,,,,,,,,
,,,,,,,,,
,,,,,,,,,
,,,,,,,,,
,,,,,,,,,
,,,,,,,,,
,,,,,,,,,
,,,,,,,,,
,,,,,,,,,
,,,,,,,,,
,,,,,,,,,
,,,,,,,,,
,,,,,,,,,
,,,,,,,,,
,,,,,,,,,
,,,,,,,,,
,,,,,,,,,
,,,,,,,,,
,,,,,,,,,
,,,,,,,,,
,,,,,,,,,
,,,,,,,,,
,,,,,,,,,
,,,,,,,,,
,,,,,,,,,
,,,,,,,,,
,,,,,,,,,
,,,,,,,,,
,,,,,,,,,
,,,,,,,,,
,,,,,,,,,
,,,,,,,,,
,,,,,,,,,
,,,,,,,,,
,,,,,,,,,
,,,,,,,,,
,,,,,,,,,
,,,,,,,,,
,,,,,,,,,
,,,,,,,,,
,,,,,,,,,
,,,,,,,,,
,,,,,,,,,
,,,,,,,,,
,,,,,,,,,
,,,,,,,,,
,,,,,,,,,
,,,,,,,,,
,,,,,,,,,
,,,,,,,,,
,,,,,,,,,
,,,,,,,,,
,,,,,,,,,
,,,,,,,,,
,,,,,,,,,
,,,,,,,,,
,,,,,,,,,
,,,,,,,,,
,,,,,,,,,
,,,,,,,,,
,,,,,,,,,
,,,,,,,,,
,,,,,,,,,
,,,,,,,,,
,,,,,,,,,
,,,,,,,,,
,,,,,,,,,
,,,,,,,,,
,,,,,,,,,
,,,,,,,,,
,,,,,,,,,
,,,,,,,,,
,,,,,,,,,
,,,,,,,,,
,,,,,,,,,
,,,,,,,,,
,,,,,,,,,
,,,,,,,,,
,,,,,,,,,
,,,,,,,,,
,,,,,,,,,
,,,,,,,,,
,,,,,,,,,
,,,,,,,,,
,,,,,,,,,
,,,,,,,,,
,,,,,,,,,
,,,,,,,,,
,,,,,,,,,
,,,,,,,,,
,,,,,,,,,
,,,,,,,,,
,,,,,,,,,
,,,,,,,,,
,,,,,,,,,
,,,,,,,,,
,,,,,,,,,
,,,,,,,,,
,,,,,,,,,
,,,,,,,,,
,,,,,,,,,
,,,,,,,,,
,,,,,,,,,
,,,,,,,,,
,,,,,,,,,
,,,,,,,,,
,,,,,,,,,
,,,,,,,,,
,,,,,,,,,
,,,,,,,,,
,,,,,,,,,
,,,,,,,,,
,,,,,,,,,
,,,,,,,,,
,,,,,,,,,
,,,,,,,,,
,,,,,,,,,
,,,,,,,,,
,,,,,,,,,
,,,,,,,,,
,,,,,,,,,
,,,,,,,,,
,,,,,,,,,
,,,,,,,,,
,,,,,,,,,
,,,,,,,,,
,,,,,,,,,
,,,,,,,,,
,,,,,,,,,
,,,,,,,,,
,,,,,,,,,
,,,,,,,,,
,,,,,,,,,
,,,,,,,,,
,,,,,,,,,
,,,,,,,,,
,,,,,,,,,
,,,,,,,,,
,,,,,,,,,
,,,,,,,,,
,,,,,,,,,
,,,,,,,,,
,,,,,,,,,
,,,,,,,,,
,,,,,,,,,
,,,,,,,,,
,,,,,,,,,
,,,,,,,,,
,,,,,,,,,
,,,,,,,,,
,,,,,,,,,
,,,,,,,,,
,,,,,,,,,
,,,,,,,,,
,,,,,,,,,
,,,,,,,,,
,,,,,,,,,
,,,,,,,,,
,,,,,,,,,
,,,,,,,,,
,,,,,,,,,
,,,,,,,,,
,,,,,,,,,
,,,,,,,,,
,,,,,,,,,
,,,,,,,,,
,,,,,,,,,
,,,,,,,,,
,,,,,,,,,
,,,,,,,,,
,,,,,,,,,
,,,,,,,,,
,,,,,,,,,
,,,,,,,,,
,,,,,,,,,
,,,,,,,,,
,,,,,,,,,
,,,,,,,,,
,,,,,,,,,
,,,,,,,,,
,,,,,,,,,
,,,,,,,,,
,,,,,,,,,
,,,,,,,,,
,,,,,,,,,
,,,,,,,,,
,,,,,,,,,
,,,,,,,,,
,,,,,,,,,
,,,,,,,,,
,,,,,,,,,
,,,,,,,,,
,,,,,,,,,
,,,,,,,,,
,,,,,,,,,
,,,,,,,,,
,,,,,,,,,
,,,,,,,,,
,,,,,,,,,
,,,,,,,,,
,,,,,,,,,
,,,,,,,,,
,,,,,,,,,
,,,,,,,,,
,,,,,,,,,
,,,,,,,,,
,,,,,,,,,
,,,,,,,,,
,,,,,,,,,
,,,,,,,,,
,,,,,,,,,
,,,,,,,,,
,,,,,,,,,
,,,,,,,,,
,,,,,,,,,
,,,,,,,,,
,,,,,,,,,
,,,,,,,,,
,,,,,,,,,
,,,,,,,,,
,,,,,,,,,
,,,,,,,,,
,,,,,,,,,
,,,,,,,,,
,,,,,,,,,
,,,,,,,,,
,,,,,,,,,
,,,,,,,,,
,,,,,,,,,
,,,,,,,,,
,,,,,,,,,
,,,,,,,,,
,,,,,,,,,
,,,,,,,,,
,,,,,,,,,
,,,,,,,,,
,,,,,,,,,
,,,,,,,,,
,,,,,,,,,
,,,,,,,,,
,,,,,,,,,
,,,,,,,,,
,,,,,,,,,
,,,,,,,,,
,,,,,,,,,
,,,,,,,,,
,,,,,,,,,
,,,,,,,,,
,,,,,,,,,
,,,,,,,,,
,,,,,,,,,
,,,,,,,,,
,,,,,,,,,
,,,,,,,,,
,,,,,,,,,
,,,,,,,,,
,,,,,,,,,
,,,,,,,,,
,,,,,,,,,
,,,,,,,,,
,,,,,,,,,
,,,,,,,,,
,,,,,,,,,
,,,,,,,,,
,,,,,,,,,
,,,,,,,,,
,,,,,,,,,
,,,,,,,,,
,,,,,,,,,
,,,,,,,,,
,,,,,,,,,
,,,,,,,,,
,,,,,,,,,
,,,,,,,,,
,,,,,,,,,
,,,,,,,,,
,,,,,,,,,
,,,,,,,,,
,,,,,,,,,
,,,,,,,,,
,,,,,,,,,
,,,,,,,,,
,,,,,,,,,
,,,,,,,,,
,,,,,,,,,
,,,,,,,,,
,,,,,,,,,
,,,,,,,,,
,,,,,,,,,
,,,,,,,,,
,,,,,,,,,
,,,,,,,,,
,,,,,,,,,
,,,,,,,,,
,,,,,,,,,
,,,,,,,,,
,,,,,,,,,
,,,,,,,,,
,,,,,,,,,
,,,,,,,,,
,,,,,,,,,
,,,,,,,,,
,,,,,,,,,
,,,,,,,,,
,,,,,,,,,
,,,,,,,,,
,,,,,,,,,
,,,,,,,,,
,,,,,,,,,
,,,,,,,,,
,,,,,,,,,
,,,,,,,,,
,,,,,,,,,
,,,,,,,,,
,,,,,,,,,
,,,,,,,,,
,,,,,,,,,
,,,,,,,,,
,,,,,,,,,
,,,,,,,,,
,,,,,,,,,
,,,,,,,,,
,,,,,,,,,
,,,,,,,,,
,,,,,,,,,
,,,,,,,,,
,,,,,,,,,
,,,,,,,,,
,,,,,,,,,
,,,,,,,,,
,,,,,,,,,
,,,,,,,,,
,,,,,,,,,
,,,,,,,,,
,,,,,,,,,
,,,,,,,,,
,,,,,,,,,
,,,,,,,,,
,,,,,,,,,
,,,,,,,,,
,,,,,,,,,
,,,,,,,,,
,,,,,,,,,
,,,,,,,,,
,,,,,,,,,
,,,,,,,,,
,,,,,,,,,
,,,,,,,,,
,,,,,,,,,
,,,,,,,,,
,,,,,,,,,
,,,,,,,,,
,,,,,,,,,
,,,,,,,,,
,,,,,,,,,
,,,,,,,,,
,,,,,,,,,
,,,,,,,,,
,,,,,,,,,
,,,,,,,,,
,,,,,,,,,
,,,,,,,,,
,,,,,,,,,
,,,,,,,,,
,,,,,,,,,
,,,,,,,,,
,,,,,,,,,
,,,,,,,,,
,,,,,,,,,
,,,,,,,,,
,,,,,,,,,
,,,,,,,,,
,,,,,,,,,
,,,,,,,,,
,,,,,,,,,
,,,,,,,,,
,,,,,,,,,
,,,,,,,,,
,,,,,,,,,
,,,,,,,,,
,,,,,,,,,
,,,,,,,,,
,,,,,,,,,
,,,,,,,,,
,,,,,,,,,
,,,,,,,,,
,,,,,,,,,
,,,,,,,,,
,,,,,,,,,
,,,,,,,,,
,,,,,,,,,
,,,,,,,,,
,,,,,,,,,
,,,,,,,,,
,,,,,,,,,
,,,,,,,,,
,,,,,,,,,
,,,,,,,,,
,,,,,,,,,
,,,,,,,,,
,,,,,,,,,
,,,,,,,,,
,,,,,,,,,
,,,,,,,,,
,,,,,,,,,
,,,,,,,,,
,,,,,,,,,
,,,,,,,,,
,,,,,,,,,
,,,,,,,,,
,,,,,,,,,
,,,,,,,,,
,,,,,,,,,
,,,,,,,,,
,,,,,,,,,
,,,,,,,,,
,,,,,,,,,
,,,,,,,,,
,,,,,,,,,
,,,,,,,,,
,,,,,,,,,
,,,,,,,,,
,,,,,,,,,
,,,,,,,,,
,,,,,,,,,
,,,,,,,,,
,,,,,,,,,
,,,,,,,,,
,,,,,,,,,
,,,,,,,,,
,,,,,,,,,
,,,,,,,,,
,,,,,,,,,
,,,,,,,,,
,,,,,,,,,
,,,,,,,,,
,,,,,,,,,
,,,,,,,,,
,,,,,,,,,
,,,,,,,,,
,,,,,,,,,
,,,,,,,,,
,,,,,,,,,
,,,,,,,,,
,,,,,,,,,
,,,,,,,,,
,,,,,,,,,
,,,,,,,,,
,,,,,,,,,
,,,,,,,,,
,,,,,,,,,
,,,,,,,,,
,,,,,,,,,
,,,,,,,,,
,,,,,,,,,
,,,,,,,,,
,,,,,,,,,
,,,,,,,,,
,,,,,,,,,
,,,,,,,,,
,,,,,,,,,
,,,,,,,,,
,,,,,,,,,
,,,,,,,,,
,,,,,,,,,
,,,,,,,,,
,,,,,,,,,
,,,,,,,,,
,,,,,,,,,
,,,,,,,,,
,,,,,,,,,
,,,,,,,,,
,,,,,,,,,
,,,,,,,,,
,,,,,,,,,
,,,,,,,,,
,,,,,,,,,
,,,,,,,,,
,,,,,,,,,
,,,,,,,,,
,,,,,,,,,
,,,,,,,,,
,,,,,,,,,
,,,,,,,,,
,,,,,,,,,
,,,,,,,,,
,,,,,,,,,
,,,,,,,,,
,,,,,,,,,
,,,,,,,,,
,,,,,,,,,
,,,,,,,,,
,,,,,,,,,
,,,,,,,,,
,,,,,,,,,
,,,,,,,,,
,,,,,,,,,
,,,,,,,,,
,,,,,,,,,
,,,,,,,,,
,,,,,,,,,
,,,,,,,,,
,,,,,,,,,
,,,,,,,,,
,,,,,,,,,
,,,,,,,,,
,,,,,,,,,
,,,,,,,,,
,,,,,,,,,
,,,,,,,,,
,,,,,,,,,
,,,,,,,,,
,,,,,,,,,
,,,,,,,,,
,,,,,,,,,
,,,,,,,,,
,,,,,,,,,
,,,,,,,,,
,,,,,,,,,
,,,,,,,,,
,,,,,,,,,
,,,,,,,,,
,,,,,,,,,
,,,,,,,,,
,,,,,,,,,
,,,,,,,,,
,,,,,,,,,
,,,,,,,,,
,,,,,,,,,
,,,,,,,,,
,,,,,,,,,
,,,,,,,,,
,,,,,,,,,
,,,,,,,,,
,,,,,,,,,
,,,,,,,,,
,,,,,,,,,
,,,,,,,,,
,,,,,,,,,
,,,,,,,,,
,,,,,,,,,
,,,,,,,,,
,,,,,,,,,
,,,,,,,,,
,,,,,,,,,
,,,,,,,,,
,,,,,,,,,
,,,,,,,,,
,,,,,,,,,
,,,,,,,,,
,,,,,,,,,
,,,,,,,,,
,,,,,,,,,
,,,,,,,,,
,,,,,,,,,
,,,,,,,,,
,,,,,,,,,
,,,,,,,,,
,,,,,,,,,
,,,,,,,,,
,,,,,,,,,
,,,,,,,,,
,,,,,,,,,
,,,,,,,,,
,,,,,,,,,
,,,,,,,,,
,,,,,,,,,
,,,,,,,,,
,,,,,,,,,
,,,,,,,,,
,,,,,,,,,
,,,,,,,,,
,,,,,,,,,
,,,,,,,,,
,,,,,,,,,
,,,,,,,,,
,,,,,,,,,
,,,,,,,,,
,,,,,,,,,
,,,,,,,,,
,,,,,,,,,
,,,,,,,,,
,,,,,,,,,
,,,,,,,,,
,,,,,,,,,
,,,,,,,,,
,,,,,,,,,
,,,,,,,,,
,,,,,,,,,
,,,,,,,,,
,,,,,,,,,
,,,,,,,,,
,,,,,,,,,
,,,,,,,,,
,,,,,,,,,
,,,,,,,,,
,,,,,,,,,
,,,,,,,,,
,,,,,,,,,
,,,,,,,,,
,,,,,,,,,
,,,,,,,,,
,,,,,,,,,
,,,,,,,,,
,,,,,,,,,
,,,,,,,,,
,,,,,,,,,
,,,,,,,,,
,,,,,,,,,
,,,,,,,,,
,,,,,,,,,
,,,,,,,,,
,,,,,,,,,
,,,,,,,,,
,,,,,,,,,
,,,,,,,,,
,,,,,,,,,
,,,,,,,,,
,,,,,,,,,
,,,,,,,,,
,,,,,,,,,
,,,,,,,,,
,,,,,,,,,
,,,,,,,,,
,,,,,,,,,
,,,,,,,,,
,,,,,,,,,
,,,,,,,,,
,,,,,,,,,
,,,,,,,,,
,,,,,,,,,
,,,,,,,,,
,,,,,,,,,
,,,,,,,,,
,,,,,,,,,
,,,,,,,,,
,,,,,,,,,
,,,,,,,,,
,,,,,,,,,
,,,,,,,,,
,,,,,,,,,
,,,,,,,,,
,,,,,,,,,
,,,,,,,,,
,,,,,,,,,
,,,,,,,,,
,,,,,,,,,
,,,,,,,,,
,,,,,,,,,
,,,,,,,,,
,,,,,,,,,
,,,,,,,,,
,,,,,,,,,
,,,,,,,,,
,,,,,,,,,
,,,,,,,,,
,,,,,,,,,
,,,,,,,,,
,,,,,,,,,
,,,,,,,,,
,,,,,,,,,
,,,,,,,,,
,,,,,,,,,
,,,,,,,,,
,,,,,,,,,
,,,,,,,,,
,,,,,,,,,
,,,,,,,,,
,,,,,,,,,
,,,,,,,,,
,,,,,,,,,
,,,,,,,,,
,,,,,,,,,
,,,,,,,,,
,,,,,,,,,
,,,,,,,,,
,,,,,,,,,
,,,,,,,,,
,,,,,,,,,
,,,,,,,,,
,,,,,,,,,
,,,,,,,,,
,,,,,,,,,
,,,,,,,,,
,,,,,,,,,
,,,,,,,,,
,,,,,,,,,
,,,,,,,,,
,,,,,,,,,
,,,,,,,,,
,,,,,,,,,
,,,,,,,,,
,,,,,,,,,
,,,,,,,,,
,,,,,,,,,
,,,,,,,,,
,,,,,,,,,
,,,,,,,,,
,,,,,,,,,
,,,,,,,,,
,,,,,,,,,
,,,,,,,,,
,,,,,,,,,
,,,,,,,,,
,,,,,,,,,
,,,,,,,,,
,,,,,,,,,
,,,,,,,,,
,,,,,,,,,
,,,,,,,,,
,,,,,,,,,
,,,,,,,,,
,,,,,,,,,
,,,,,,,,,
,,,,,,,,,
,,,,,,,,,
,,,,,,,,,
,,,,,,,,,
,,,,,,,,,
,,,,,,,,,
,,,,,,,,,
,,,,,,,,,
,,,,,,,,,
,,,,,,,,,
,,,,,,,,,
,,,,,,,,,
,,,,,,,,,
,,,,,,,,,
,,,,,,,,,
,,,,,,,,,
,,,,,,,,,
,,,,,,,,,
,,,,,,,,,
MATHEU Y CUBILLOS,Rotonda,Primario,,,,,,,
TERRADA-TERRADA,Rotonda,Primario,,,,,,,
BESARES Y CUBILLOS,Rotonda,Primario,,,,,,,
AZCUENAGA Y ACCESO SUR,Rotonda,Primario,,,,,,,
RUTA 60 Y TERRADA,Rotonda,Primario,,,,,,,
,,,,,,,,,
,,,,,,,,,
,,,,,,,,,
,,,,,,,,,
,,,,,,,,,
,,,,,,,,,
,,,,,,,,,
,,,,,,,,,
,,,,,,,,,
,,,,,,,,,
,,,,,,,,,
,,,,,,,,,
,,,,,,,,,
,,,,,,,,,
,,,,,,,,,
,,,,,,,,,
,,,,,,,,,
,,,,,,,,,
,,,,,,,,,
,,,,,,,,,
,,,,,,,,,
,,,,,,,,,
,,,,,,,,,
,,,,,,,,,
,,,,,,,,,
,,,,,,,,,
,,,,,,,,,
,,,,,,,,,
,,,,,,,,,
,,,,,,,,,
,,,,,,,,,
,,,,,,,,,
,,,,,,,,,
,,,,,,,,,
,,,,,,,,,
,,,,,,,,,
,,,,,,,,,
,,,,,,,,,
,,,,,,,,,
,,,,,,,,,
,,,,,,,,,
,,,,,,,,,
,,,,,,,,,
,,,,,,,,,
,,,,,,,,,
,,,,,,,,,
,,,,,,,,,
,,,,,,,,,
,,,,,,,,,
,,,,,,,,,
,,,,,,,,,
,,,,,,,,,
,,,,,,,,,
,,,,,,,,,
,,,,,,,,,
,,,,,,,,,
,,,,,,,,,
,,,,,,,,,
,,,,,,,,,
,,,,,,,,,
,,,,,,,,,
,,,,,,,,,
,,,,,,,,,
,,,,,,,,,
,,,,,,,,,
,,,,,,,,,
,,,,,,,,,
,,,,,,,,,
,,,,,,,,,
,,,,,,,,,
,,,,,,,,,
,,,,,,,,,
,,,,,,,,,
,,,,,,,,,
,,,,,,,,,
,,,,,,,,,
,,,,,,,,,
,,,,,,,,,
,,,,,,,,,
,,,,,,,,,
,,,,,,,,,
,,,,,,,,,
,,,,,,,,,
,,,,,,,,,
,,,,,,,,,
,,,,,,,,,
,,,,,,,,,
,,,,,,,,,
,,,,,,,,,
,,,,,,,,,
,,,,,,,,,
,,,,,,,,,
,,,,,,,,,
,,,,,,,,,
,,,,,,,,,
,,,,,,,,,
,,,,,,,,,
,,,,,,,,,
,,,,,,,,,
,,,,,,,,,
,,,,,,,,,
,,,,,,,,,
,,,,,,,,,
,,,,,,,,,
,,,,,,,,,
,,,,,,,,,
,,,,,,,,,
,,,,,,,,,
,,,,,,,,,
,,,,,,,,,
,,,,,,,,,
,,,,,,,,,
,,,,,,,,,
,,,,,,,,,
,,,,,,,,,
,,,,,,,,,
,,,,,,,,,
,,,,,,,,,
,,,,,,,,,
,,,,,,,,,
,,,,,,,,,
,,,,,,,,,
,,,,,,,,,
,,,,,,,,,
,,,,,,,,,
,,,,,,,,,
,,,,,,,,,
,,,,,,,,,
,,,,,,,,,
,,,,,,,,,
,,,,,,,,,
,,,,,,,,,
,,,,,,,,,
,,,,,,,,,
,,,,,,,,,
,,,,,,,,,
,,,,,,,,,
,,,,,,,,,
,,,,,,,,,
,,,,,,,,,
,,,,,,,,,
,,,,,,,,,
,,,,,,,,,
,,,,,,,,,
,,,,,,,,,
,,,,,,,,,
,,,,,,,,,
,,,,,,,,,
,,,,,,,,,
,,,,,,,,,
,,,,,,,,,
,,,,,,,,,
,,,,,,,,,
,,,,,,,,,
,,,,,,,,,
,,,,,,,,,
,,,,,,,,,
,,,,,,,,,
,,,,,,,,,
,,,,,,,,,
,,,,,,,,,
,,,,,,,,,
,,,,,,,,,
,,,,,,,,,
,,,,,,,,,
,,,,,,,,,
,,,,,,,,,
,,,,,,,,,
,,,,,,,,,
,,,,,,,,,
,,,,,,,,,
,,,,,,,,,
,,,,,,,,,
,,,,,,,,,
,,,,,,,,,
,,,,,,,,,
,,,,,,,,,
,,,,,,,,,
,,,,,,,,,
,,,,,,,,,
,,,,,,,,,
,,,,,,,,,
,,,,,,,,,
,,,,,,,,,
,,,,,,,,,
,,,,,,,,,
,,,,,,,,,
,,,,,,,,,
,,,,,,,,,
,,,,,,,,,
,,,,,,,,,
,,,,,,,,,
,,,,,,,,,
,,,,,,,,,
,,,,,,,,,
,,,,,,,,,
,,,,,,,,,
,,,,,,,,,
,,,,,,,,,
,,,,,,,,,
,,,,,,,,,
,,,,,,,,,
,,,,,,,,,
,,,,,,,,,
,,,,,,,,,
,,,,,,,,,
,,,,,,,,,
,,,,,,,,,
,,,,,,,,,
,,,,,,,,,
,,,,,,,,,
,,,,,,,,,
,,,,,,,,,
,,,,,,,,,
,,,,,,,,,
,,,,,,,,,
,,,,,,,,,
,,,,,,,,,
,,,,,,,,,
,,,,,,,,,
,,,,,,,,,
,,,,,,,,,
,,,,,,,,,
,,,,,,,,,
,,,,,,,,,
,,,,,,,,,
,,,,,,,,,
,,,,,,,,,
,,,,,,,,,
,,,,,,,,,
,,,,,,,,,
,,,,,,,,,
,,,,,,,,,
,,,,,,,,,
,,,,,,,,,
,,,,,,,,,
,,,,,,,,,
,,,,,,,,,
,,,,,,,,,
,,,,,,,,,
,,,,,,,,,
,,,,,,,,,
,,,,,,,,,
,,,,,,,,,
,,,,,,,,,
,,,,,,,,,
,,,,,,,,,
,,,,,,,,,
,,,,,,,,,
,,,,,,,,,
,,,,,,,,,
,,,,,,,,,
,,,,,,,,,
,,,,,,,,,
,,,,,,,,,
,,,,,,,,,
,,,,,,,,,
,,,,,,,,,
,,,,,,,,,
,,,,,,,,,
,,,,,,,,,
,,,,,,,,,
,,,,,,,,,
,,,,,,,,,
,,,,,,,,,
,,,,,,,,,
,,,,,,,,,
,,,,,,,,,
,,,,,,,,,
,,,,,,,,,
,,,,,,,,,
,,,,,,,,,
,,,,,,,,,
,,,,,,,,,
,,,,,,,,,
,,,,,,,,,
,,,,,,,,,
,,,,,,,,,
,,,,,,,,,
,,,,,,,,,
,,,,,,,,,
,,,,,,,,,
,,,,,,,,,
,,,,,,,,,
,,,,,,,,,
,,,,,,,,,
,,,,,,,,,
,,,,,,,,,
,,,,,,,,,
,,,,,,,,,
,,,,,,,,,
,,,,,,,,,
,,,,,,,,,
,,,,,,,,,
,,,,,,,,,
,,,,,,,,,
,,,,,,,,,
,,,,,,,,,
,,,,,,,,,
,,,,,,,,,
,,,,,,,,,
,,,,,,,,,
,,,,,,,,,
,,,,,,,,,
,,,,,,,,,
,,,,,,,,,
,,,,,,,,,
,,,,,,,,,
,,,,,,,,,
,,,,,,,,,
,,,,,,,,,
,,,,,,,,,
,,,,,,,,,
,,,,,,,,,
,,,,,,,,,
,,,,,,,,,
,,,,,,,,,
,,,,,,,,,
,,,,,,,,,
,,,,,,,,,
,,,,,,,,,
,,,,,,,,,
,,,,,,,,,
,,,,,,,,,
,,,,,,,,,
,,,,,,,,,
,,,,,,,,,
,,,,,,,,,
,,,,,,,,,
,,,,,,,,,
,,,,,,,,,
,,,,,,,,,
,,,,,,,,,
,,,,,,,,,
,,,,,,,,,
,,,,,,,,,
,,,,,,,,,
,,,,,,,,,
,,,,,,,,,
,,,,,,,,,
,,,,,,,,,
,,,,,,,,,
,,,,,,,,,
,,,,,,,,,
,,,,,,,,,
,,,,,,,,,
,,,,,,,,,
,,,,,,,,,
,,,,,,,,,
,,,,,,,,,
,,,,,,,,,
,,,,,,,,,
,,,,,,,,,
,,,,,,,,,
,,,,,,,,,
,,,,,,,,,
,,,,,,,,,
,,,,,,,,,
,,,,,,,,,
,,,,,,,,,
,,,,,,,,,
,,,,,,,,,
,,,,,,,,,
,,,,,,,,,
,,,,,,,,,
,,,,,,,,,
,,,,,,,,,
,,,,,,,,,
,,,,,,,,,
,,,,,,,,,
,,,,,,,,,
,,,,,,,,,
,,,,,,,,,
,,,,,,,,,
,,,,,,,,,
,,,,,,,,,
,,,,,,,,,
,,,,,,,,,
,,,,,,,,,
,,,,,,,,,
,,,,,,,,,
,,,,,,,,,
,,,,,,,,,
,,,,,,,,,
,,,,,,,,,
,,,,,,,,,
,,,,,,,,,
,,,,,,,,,
,,,,,,,,,
,,,,,,,,,
,,,,,,,,,
,,,,,,,,,
,,,,,,,,,
,,,,,,,,,
,,,,,,,,,
,,,,,,,,,
,,,,,,,,,
,,,,,,,,,
,,,,,,,,,
,,,,,,,,,
,,,,,,,,,
,,,,,,,,,
,,,,,,,,,
,,,,,,,,,
,,,,,,,,,
,,,,,,,,,
,,,,,,,,,
,,,,,,,,,
,,,,,,,,,
,,,,,,,,,
,,,,,,,,,
,,,,,,,,,
,,,,,,,,,
,,,,,,,,,
,,,,,,,,,
,,,,,,,,,
,,,,,,,,,
,,,,,,,,,
,,,,,,,,,
,,,,,,,,,
,,,,,,,,,
,,,,,,,,,
,,,,,,,,,
,,,,,,,,,
,,,,,,,,,
,,,,,,,,,
,,,,,,,,,
,,,,,,,,,
,,,,,,,,,
,,,,,,,,,
,,,,,,,,,
,,,,,,,,,
,,,,,,,,,
,,,,,,,,,
,,,,,,,,,
,,,,,,,,,
,,,,,,,,,
,,,,,,,,,
,,,,,,,,,
,,,,,,,,,
,,,,,,,,,
,,,,,,,,,
,,,,,,,,,
,,,,,,,,,
,,,,,,,,,
,,,,,,,,,
,,,,,,,,,
,,,,,,,,,
,,,,,,,,,
,,,,,,,,,
,,,,,,,,,
,,,,,,,,,
,,,,,,,,,
,,,,,,,,,
,,,,,,,,,
,,,,,,,,,
,,,,,,,,,
,,,,,,,,,
,,,,,,,,,
,,,,,,,,,
,,,,,,,,,
,,,,,,,,,
,,,,,,,,,
,,,,,,,,,
,,,,,,,,,
,,,,,,,,,
,,,,,,,,,
,,,,,,,,,
,,,,,,,,,
,,,,,,,,,
,,,,,,,,,
,,,,,,,,,
,,,,,,,,,
,,,,,,,,,
,,,,,,,,,
,,,,,,,,,
,,,,,,,,,
,,,,,,,,,
,,,,,,,,,
,,,,,,,,,
,,,,,,,,,
,,,,,,,,,
,,,,,,,,,
,,,,,,,,,
,,,,,,,,,
,,,,,,,,,
,,,,,,,,,
,,,,,,,,,
,,,,,,,,,
,,,,,,,,,
,,,,,,,,,
,,,,,,,,,
,,,,,,,,,
,,,,,,,,,
,,,,,,,,,
,,,,,,,,,
,,,,,,,,,
,,,,,,,,,
,,,,,,,,,
,,,,,,,,,
,,,,,,,,,
,,,,,,,,,
,,,,,,,,,
,,,,,,,,,
,,,,,,,,,
,,,,,,,,,
,,,,,,,,,
,,,,,,,,,
,,,,,,,,,
,,,,,,,,,
,,,,,,,,,
,,,,,,,,,
,,,,,,,,,
,,,,,,,,,
,,,,,,,,,
,,,,,,,,,
,,,,,,,,,
,,,,,,,,,
,,,,,,,,,
,,,,,,,,,
,,,,,,,,,
,,,,,,,,,
,,,,,,,,,
,,,,,,,,,
,,,,,,,,,
,,,,,,,,,
,,,,,,,,,
,,,,,,,,,
,,,,,,,,,
,,,,,,,,,
,,,,,,,,,
,,,,,,,,,
,,,,,,,,,
,,,,,,,,,
,,,,,,,,,
,,,,,,,,,
,,,,,,,,,
,,,,,,,,,
,,,,,,,,,
,,,,,,,,,
,,,,,,,,,
,,,,,,,,,
,,,,,,,,,
,,,,,,,,,
,,,,,,,,,
,,,,,,,,,
,,,,,,,,,
,,,,,,,,,
,,,,,,,,,
,,,,,,,,,
,,,,,,,,,
,,,,,,,,,
,,,,,,,,,
,,,,,,,,,
,,,,,,,,,
,,,,,,,,,
,,,,,,,,,
,,,,,,,,,
,,,,,,,,,
,,,,,,,,,
,,,,,,,,,
,,,,,,,,,
,,,,,,,,,
,,,,,,,,,
,,,,,,,,,
,,,,,,,,,
,,,,,,,,,
,,,,,,,,,
,,,,,,,,,
,,,,,,,,,
,,,,,,,,,
,,,,,,,,,
,,,,,,,,,
,,,,,,,,,
,,,,,,,,,
,,,,,,,,,
,,,,,,,,,
,,,,,,,,,
,,,,,,,,,
,,,,,,,,,
,,,,,,,,,
,,,,,,,,,
,,,,,,,,,
,,,,,,,,,
,,,,,,,,,
,,,,,,,,,
,,,,,,,,,
,,,,,,,,,
,,,,,,,,,
,,,,,,,,,
,,,,,,,,,
,,,,,,,,,
,,,,,,,,,
,,,,,,,,,
,,,,,,,,,
,,,,,,,,,
,,,,,,,,,
,,,,,,,,,
,,,,,,,,,
,,,,,,,,,
,,,,,,,,,
,,,,,,,,,
,,,,,,,,,
,,,,,,,,,
,,,,,,,,,
,,,,,,,,,
,,,,,,,,,
,,,,,,,,,
,,,,,,,,,
,,,,,,,,,
,,,,,,,,,
,,,,,,,,,
,,,,,,,,,
,,,,,,,,,
,,,,,,,,,
,,,,,,,,,
,,,,,,,,,
,,,,,,,,,
,,,,,,,,,
,,,,,,,,,
,,,,,,,,,
,,,,,,,,,
,,,,,,,,,
,,,,,,,,,
,,,,,,,,,
,,,,,,,,,
,,,,,,,,,
,,,,,,,,,
,,,,,,,,,
,,,,,,,,,
,,,,,,,,,
,,,,,,,,,
,,,,,,,,,
,,,,,,,,,
,,,,,,,,,
,,,,,,,,,
,,,,,,,,,
,,,,,,,,,
,,,,,,,,,
,,,,,,,,,
,,,,,,,,,
,,,,,,,,,
,,,,,,,,,
,,,,,,,,,
,,,,,,,,,
,,,,,,,,,
,,,,,,,,,
,,,,,,,,,
,,,,,,,,,
,,,,,,,,,
,,,,,,,,,
,,,,,,,,,
,,,,,,,,,
,,,,,,,,,
,,,,,,,,,
,,,,,,,,,
,,,,,,,,,
,,,,,,,,,
,,,,,,,,,
,,,,,,,,,
,,,,,,,,,
,,,,,,,,,
,,,,,,,,,
,,,,,,,,,
,,,,,,,,,
,,,,,,,,,
,,,,,,,,,
,,,,,,,,,
,,,,,,,,,
,,,,,,,,,
,,,,,,,,,
,,,,,,,,,
,,,,,,,,,
,,,,,,,,,
,,,,,,,,,
,,,,,,,,,
,,,,,,,,,
,,,,,,,,,
,,,,,,,,,
,,,,,,,,,
,,,,,,,,,
,,,,,,,,,
,,,,,,,,,
,,,,,,,,,
,,,,,,,,,
,,,,,,,,,
,,,,,,,,,
,,,,,,,,,
,,,,,,,,,
,,,,,,,,,
,,,,,,,,,
,,,,,,,,,
,,,,,,,,,
,,,,,,,,,
,,,,,,,,,
,,,,,,,,,
,,,,,,,,,
,,,,,,,,,
,,,,,,,,,
,,,,,,,,,
,,,,,,,,,
,,,,,,,,,
,,,,,,,,,
,,,,,,,,,
,,,,,,,,,
,,,,,,,,,
,,,,,,,,,
,,,,,,,,,
,,,,,,,,,
,,,,,,,,,
,,,,,,,,,
,,,,,,,,,
,,,,,,,,,
,,,,,,,,,
,,,,,,,,,
,,,,,,,,,
,,,,,,,,,
,,,,,,,,,
,,,,,,,,,
,,,,,,,,,
,,,,,,,,,
,,,,,,,,,
,,,,,,,,,
,,,,,,,,,
,,,,,,,,,
,,,,,,,,,
,,,,,,,,,
,,,,,,,,,
,,,,,,,,,
,,,,,,,,,
,,,,,,,,,
,,,,,,,,,
,,,,,,,,,
,,,,,,,,,
,,,,,,,,,
,,,,,,,,,
,,,,,,,,,
,,,,,,,,,
,,,,,,,,,
,,,,,,,,,
,,,,,,,,,
,,,,,,,,,
,,,,,,,,,
,,,,,,,,,
,,,,,,,,,
,,,,,,,,,
,,,,,,,,,
,,,,,,,,,
,,,,,,,,,
,,,,,,,,,
,,,,,,,,,
,,,,,,,,,
,,,,,,,,,
,,,,,,,,,
,,,,,,,,,
,,,,,,,,,
,,,,,,,,,
,,,,,,,,,
,,,,,,,,,
,,,,,,,,,
,,,,,,,,,
,,,,,,,,,
,,,,,,,,,
,,,,,,,,,
,,,,,,,,,
,,,,,,,,,
,,,,,,,,,
,,,,,,,,,
,,,,,,,,,
,,,,,,,,,
,,,,,,,,,
,,,,,,,,,
,,,,,,,,,
,,,,,,,,,
,,,,,,,,,
,,,,,,,,,
,,,,,,,,,
,,,,,,,,,
,,,,,,,,,
,,,,,,,,,
,,,,,,,,,
,,,,,,,,,
,,,,,,,,,
,,,,,,,,,
,,,,,,,,,
,,,,,,,,,
,,,,,,,,,
,,,,,,,,,
,,,,,,,,,
,,,,,,,,,
,,,,,,,,,
,,,,,,,,,
,,,,,,,,,
,,,,,,,,,
,,,,,,,,,
,,,,,,,,,
,,,,,,,,,
,,,,,,,,,
,,,,,,,,,
,,,,,,,,,
,,,,,,,,,
,,,,,,,,,
,,,,,,,,,
,,,,,,,,,
,,,,,,,,,
,,,,,,,,,
,,,,,,,,,
,,,,,,,,,
,,,,,,,,,
,,,,,,,,,
,,,,,,,,,
,,,,,,,,,
,,,,,,,,,
,,,,,,,,,
,,,,,,,,,
,,,,,,,,,
,,,,,,,,,
,,,,,,,,,
,,,,,,,,,
,,,,,,,,,
,,,,,,,,,
,,,,,,,,,
,,,,,,,,,
,,,,,,,,,
,,,,,,,,,
,,,,,,,,,
,,,,,,,,,
,,,,,,,,,
,,,,,,,,,
,,,,,,,,,
,,,,,,,,,
,,,,,,,,,
,,,,,,,,,
,,,,,,,,,
,,,,,,,,,
,,,,,,,,,
,,,,,,,,,
,,,,,,,,,
,,,,,,,,,
,,,,,,,,,
,,,,,,,,,
,,,,,,,,,
,,,,,,,,,
,,,,,,,,,
,,,,,,,,,
,,,,,,,,,
,,,,,,,,,
,,,,,,,,,
,,,,,,,,,
,,,,,,,,,
,,,,,,,,,
,,,,,,,,,
,,,,,,,,,
,,,,,,,,,
,,,,,,,,,
,,,,,,,,,
,,,,,,,,,
,,,,,,,,,
,,,,,,,,,
,,,,,,,,,
,,,,,,,,,
,,,,,,,,,
,,,,,,,,,
,,,,,,,,,
,,,,,,,,,
,,,,,,,,,
,,,,,,,,,
,,,,,,,,,
,,,,,,,,,
,,,,,,,,,
,,,,,,,,,
,,,,,,,,,
,,,,,,,,,
,,,,,,,,,
,,,,,,,,,
,,,,,,,,,
,,,,,,,,,
,,,,,,,,,
,,,,,,,,,
,,,,,,,,,
,,,,,,,,,
,,,,,,,,,
,,,,,,,,,
,,,,,,,,,
,,,,,,,,,
,,,,,,,,,
,,,,,,,,,
,,,,,,,,,
,,,,,,,,,
,,,,,,,,,
,,,,,,,,,
,,,,,,,,,
,,,,,,,,,
,,,,,,,,,
,,,,,,,,,
,,,,,,,,,
,,,,,,,,,
,,,,,,,,,
,,,,,,,,,
,,,,,,,,,
,,,,,,,,,
,,,,,,,,,
,,,,,,,,,
,,,,,,,,,
,,,,,,,,,
,,,,,,,,,
,,,,,,,,,
,,,,,,,,,
,,,,,,,,,
,,,,,,,,,
,,,,,,,,,
,,,,,,,,,
,,,,,,,,,
,,,,,,,,,
,,,,,,,,,
,,,,,,,,,
,,,,,,,,,
,,,,,,,,,
,,,,,,,,,
,,,,,,,,,
,,,,,,,,,
,,,,,,,,,
,,,,,,,,,
,,,,,,,,,
,,,,,,,,,
,,,,,,,,,
,,,,,,,,,
,,,,,,,,,
,,,,,,,,,
,,,,,,,,,
,,,,,,,,,
,,,,,,,,,
,,,,,,,,,
,,,,,,,,,
,,,,,,,,,
,,,,,,,,,
,,,,,,,,,
,,,,,,,,,
,,,,,,,,,
,,,,,,,,,
,,,,,,,,,
,,,,,,,,,
,,,,,,,,,
,,,,,,,,,
,,,,,,,,,
,,,,,,,,,
,,,,,,,,,
,,,,,,,,,
,,,,,,,,,
,,,,,,,,,
,,,,,,,,,
,,,,,,,,,
,,,,,,,,,
,,,,,,,,,
,,,,,,,,,
,,,,,,,,,
,,,,,,,,,
,,,,,,,,,
,,,,,,,,,
,,,,,,,,,
,,,,,,,,,
,,,,,,,,,
,,,,,,,,,
,,,,,,,,,
,,,,,,,,,
,,,,,,,,,
,,,,,,,,,
,,,,,,,,,
,,,,,,,,,
,,,,,,,,,
,,,,,,,,,
,,,,,,,,,
,,,,,,,,,
,,,,,,,,,
,,,,,,,,,
,,,,,,,,,
,,,,,,,,,
,,,,,,,,,
,,,,,,,,,
,,,,,,,,,
,,,,,,,,,
,,,,,,,,,
,,,,,,,,,
,,,,,,,,,
,,,,,,,,,
,,,,,,,,,
,,,,,,,,,
,,,,,,,,,
,,,,,,,,,
,,,,,,,,,
,,,,,,,,,
,,,,,,,,,
,,,,,,,,,
,,,,,,,,,
,,,,,,,,,
,,,,,,,,,
,,,,,,,,,
,,,,,,,,,
,,,,,,,,,
CALLE SERRANO,Laterales,Terciario,,,Baja,,,,